board,academic_year,class,stage,subject_or_curricular_area,book_or_source_document,status,official_source,notes
CISCE,2027,Class 9,ICSE,English,ICSE Year 2027 Regulations & Syllabuses,Current curriculum subject/area,https://www.cisce.org/wp-content/uploads/2025/02/1.-Regulations.pdf,
CISCE,2027,Class 9,ICSE,Second Language / Indian Language,ICSE Year 2027 Regulations & Syllabuses,Current curriculum subject/area,https://www.cisce.org/wp-content/uploads/2025/02/1.-Regulations.pdf,
CISCE,2027,Class 9,ICSE,"History, Civics & Geography",ICSE Year 2027 Regulations & Syllabuses,Current curriculum subject/area,https://www.cisce.org/wp-content/uploads/2025/02/1.-Regulations.pdf,
CISCE,2027,Class 9,ICSE,Mathematics,ICSE Year 2027 Regulations & Syllabuses,Current curriculum subject/area,https://www.cisce.org/wp-content/uploads/2025/02/1.-Regulations.pdf,
CISCE,2027,Class 9,ICSE,"Science (Physics, Chemistry, Biology)",ICSE Year 2027 Regulations & Syllabuses,Current curriculum subject/area,https://www.cisce.org/wp-content/uploads/2025/02/1.-Regulations.pdf,
CISCE,2027,Class 9,ICSE,Economics,ICSE Year 2027 Regulations & Syllabuses,Current curriculum subject/area,https://www.cisce.org/wp-content/uploads/2025/02/1.-Regulations.pdf,
CISCE,2027,Class 9,ICSE,Commercial Studies,ICSE Year 2027 Regulations & Syllabuses,Current curriculum subject/area,https://www.cisce.org/wp-content/uploads/2025/02/1.-Regulations.pdf,
CISCE,2027,Class 9,ICSE,Modern Foreign Language,ICSE Year 2027 Regulations & Syllabuses,Current curriculum subject/area,https://www.cisce.org/wp-content/uploads/2025/02/1.-Regulations.pdf,
CISCE,2027,Class 9,ICSE,Classical Language,ICSE Year 2027 Regulations & Syllabuses,Current curriculum subject/area,https://www.cisce.org/wp-content/uploads/2025/02/1.-Regulations.pdf,
CISCE,2027,Class 9,ICSE,Computer Applications,ICSE Year 2027 Regulations & Syllabuses,Current curriculum subject/area,https://www.cisce.org/wp-content/uploads/2025/02/1.-Regulations.pdf,
CISCE,2027,Class 9,ICSE,Economic Applications,ICSE Year 2027 Regulations & Syllabuses,Current curriculum subject/area,https://www.cisce.org/wp-content/uploads/2025/02/1.-Regulations.pdf,
CISCE,2027,Class 9,ICSE,Commercial Applications,ICSE Year 2027 Regulations & Syllabuses,Current curriculum subject/area,https://www.cisce.org/wp-content/uploads/2025/02/1.-Regulations.pdf,
CISCE,2027,Class 9,ICSE,Art,ICSE Year 2027 Regulations & Syllabuses,Current curriculum subject/area,https://www.cisce.org/wp-content/uploads/2025/02/1.-Regulations.pdf,
CISCE,2027,Class 9,ICSE,Performing Arts,ICSE Year 2027 Regulations & Syllabuses,Current curriculum subject/area,https://www.cisce.org/wp-content/uploads/2025/02/1.-Regulations.pdf,
CISCE,2027,Class 9,ICSE,Home Science,ICSE Year 2027 Regulations & Syllabuses,Current curriculum subject/area,https://www.cisce.org/wp-content/uploads/2025/02/1.-Regulations.pdf,
CISCE,2027,Class 9,ICSE,Cookery,ICSE Year 2027 Regulations & Syllabuses,Current curriculum subject/area,https://www.cisce.org/wp-content/uploads/2025/02/1.-Regulations.pdf,
CISCE,2027,Class 9,ICSE,Fashion Designing,ICSE Year 2027 Regulations & Syllabuses,Current curriculum subject/area,https://www.cisce.org/wp-content/uploads/2025/02/1.-Regulations.pdf,
CISCE,2027,Class 9,ICSE,Physical Education,ICSE Year 2027 Regulations & Syllabuses,Current curriculum subject/area,https://www.cisce.org/wp-content/uploads/2025/02/1.-Regulations.pdf,
CISCE,2027,Class 9,ICSE,Yoga,ICSE Year 2027 Regulations & Syllabuses,Current curriculum subject/area,https://www.cisce.org/wp-content/uploads/2025/02/1.-Regulations.pdf,
CISCE,2027,Class 9,ICSE,Technical Drawing Applications,ICSE Year 2027 Regulations & Syllabuses,Current curriculum subject/area,https://www.cisce.org/wp-content/uploads/2025/02/1.-Regulations.pdf,
CISCE,2027,Class 9,ICSE,Environmental Applications,ICSE Year 2027 Regulations & Syllabuses,Current curriculum subject/area,https://www.cisce.org/wp-content/uploads/2025/02/1.-Regulations.pdf,
CISCE,2027,Class 9,ICSE,Mass Media & Communication,ICSE Year 2027 Regulations & Syllabuses,Current curriculum subject/area,https://www.cisce.org/wp-content/uploads/2025/02/1.-Regulations.pdf,
CISCE,2027,Class 9,ICSE,Hospitality Management,ICSE Year 2027 Regulations & Syllabuses,Current curriculum subject/area,https://www.cisce.org/wp-content/uploads/2025/02/1.-Regulations.pdf,
CISCE,2027,Class 9,ICSE,Robotics and Artificial Intelligence,ICSE Year 2027 Regulations & Syllabuses,Current curriculum subject/area,https://www.cisce.org/wp-content/uploads/2025/02/1.-Regulations.pdf,
CISCE,2027,Class 9,ICSE,Assistant Beauty Therapist,ICSE Year 2027 Regulations & Syllabuses,Current curriculum subject/area,https://www.cisce.org/wp-content/uploads/2025/02/1.-Regulations.pdf,
CISCE,2027,Class 9,ICSE,Assistant Hair Stylist,ICSE Year 2027 Regulations & Syllabuses,Current curriculum subject/area,https://www.cisce.org/wp-content/uploads/2025/02/1.-Regulations.pdf,
CISCE,2027,Class 9,ICSE,Basic Data Entry Operator,ICSE Year 2027 Regulations & Syllabuses,Current curriculum subject/area,https://www.cisce.org/wp-content/uploads/2025/02/1.-Regulations.pdf,
CISCE,2027,Class 9,ICSE,Dietetic Aide,ICSE Year 2027 Regulations & Syllabuses,Current curriculum subject/area,https://www.cisce.org/wp-content/uploads/2025/02/1.-Regulations.pdf,
CISCE,2027,Class 9,ICSE,Cashier,ICSE Year 2027 Regulations & Syllabuses,Current curriculum subject/area,https://www.cisce.org/wp-content/uploads/2025/02/1.-Regulations.pdf,
CISCE,2027,Class 9,ICSE,Early Years Physical Activity Facilitator,ICSE Year 2027 Regulations & Syllabuses,Current curriculum subject/area,https://www.cisce.org/wp-content/uploads/2025/02/1.-Regulations.pdf,
CISCE,2027,Class 9,ICSE,Auto Service Technician,ICSE Year 2027 Regulations & Syllabuses,Current curriculum subject/area,https://www.cisce.org/wp-content/uploads/2025/02/1.-Regulations.pdf,
CISCE,2027,Class 10,ICSE,English,ICSE Year 2027 Regulations & Syllabuses,Current curriculum subject/area,https://www.cisce.org/wp-content/uploads/2025/02/1.-Regulations.pdf,
CISCE,2027,Class 10,ICSE,Second Language / Indian Language,ICSE Year 2027 Regulations & Syllabuses,Current curriculum subject/area,https://www.cisce.org/wp-content/uploads/2025/02/1.-Regulations.pdf,
CISCE,2027,Class 10,ICSE,"History, Civics & Geography",ICSE Year 2027 Regulations & Syllabuses,Current curriculum subject/area,https://www.cisce.org/wp-content/uploads/2025/02/1.-Regulations.pdf,
CISCE,2027,Class 10,ICSE,Mathematics,ICSE Year 2027 Regulations & Syllabuses,Current curriculum subject/area,https://www.cisce.org/wp-content/uploads/2025/02/1.-Regulations.pdf,
CISCE,2027,Class 10,ICSE,"Science (Physics, Chemistry, Biology)",ICSE Year 2027 Regulations & Syllabuses,Current curriculum subject/area,https://www.cisce.org/wp-content/uploads/2025/02/1.-Regulations.pdf,
CISCE,2027,Class 10,ICSE,Economics,ICSE Year 2027 Regulations & Syllabuses,Current curriculum subject/area,https://www.cisce.org/wp-content/uploads/2025/02/1.-Regulations.pdf,
CISCE,2027,Class 10,ICSE,Commercial Studies,ICSE Year 2027 Regulations & Syllabuses,Current curriculum subject/area,https://www.cisce.org/wp-content/uploads/2025/02/1.-Regulations.pdf,
CISCE,2027,Class 10,ICSE,Modern Foreign Language,ICSE Year 2027 Regulations & Syllabuses,Current curriculum subject/area,https://www.cisce.org/wp-content/uploads/2025/02/1.-Regulations.pdf,
CISCE,2027,Class 10,ICSE,Classical Language,ICSE Year 2027 Regulations & Syllabuses,Current curriculum subject/area,https://www.cisce.org/wp-content/uploads/2025/02/1.-Regulations.pdf,
CISCE,2027,Class 10,ICSE,Computer Applications,ICSE Year 2027 Regulations & Syllabuses,Current curriculum subject/area,https://www.cisce.org/wp-content/uploads/2025/02/1.-Regulations.pdf,
CISCE,2027,Class 10,ICSE,Economic Applications,ICSE Year 2027 Regulations & Syllabuses,Current curriculum subject/area,https://www.cisce.org/wp-content/uploads/2025/02/1.-Regulations.pdf,
CISCE,2027,Class 10,ICSE,Commercial Applications,ICSE Year 2027 Regulations & Syllabuses,Current curriculum subject/area,https://www.cisce.org/wp-content/uploads/2025/02/1.-Regulations.pdf,
CISCE,2027,Class 10,ICSE,Art,ICSE Year 2027 Regulations & Syllabuses,Current curriculum subject/area,https://www.cisce.org/wp-content/uploads/2025/02/1.-Regulations.pdf,
CISCE,2027,Class 10,ICSE,Performing Arts,ICSE Year 2027 Regulations & Syllabuses,Current curriculum subject/area,https://www.cisce.org/wp-content/uploads/2025/02/1.-Regulations.pdf,
CISCE,2027,Class 10,ICSE,Home Science,ICSE Year 2027 Regulations & Syllabuses,Current curriculum subject/area,https://www.cisce.org/wp-content/uploads/2025/02/1.-Regulations.pdf,
CISCE,2027,Class 10,ICSE,Cookery,ICSE Year 2027 Regulations & Syllabuses,Current curriculum subject/area,https://www.cisce.org/wp-content/uploads/2025/02/1.-Regulations.pdf,
CISCE,2027,Class 10,ICSE,Fashion Designing,ICSE Year 2027 Regulations & Syllabuses,Current curriculum subject/area,https://www.cisce.org/wp-content/uploads/2025/02/1.-Regulations.pdf,
CISCE,2027,Class 10,ICSE,Physical Education,ICSE Year 2027 Regulations & Syllabuses,Current curriculum subject/area,https://www.cisce.org/wp-content/uploads/2025/02/1.-Regulations.pdf,
CISCE,2027,Class 10,ICSE,Yoga,ICSE Year 2027 Regulations & Syllabuses,Current curriculum subject/area,https://www.cisce.org/wp-content/uploads/2025/02/1.-Regulations.pdf,
CISCE,2027,Class 10,ICSE,Technical Drawing Applications,ICSE Year 2027 Regulations & Syllabuses,Current curriculum subject/area,https://www.cisce.org/wp-content/uploads/2025/02/1.-Regulations.pdf,
CISCE,2027,Class 10,ICSE,Environmental Applications,ICSE Year 2027 Regulations & Syllabuses,Current curriculum subject/area,https://www.cisce.org/wp-content/uploads/2025/02/1.-Regulations.pdf,
CISCE,2027,Class 10,ICSE,Mass Media & Communication,ICSE Year 2027 Regulations & Syllabuses,Current curriculum subject/area,https://www.cisce.org/wp-content/uploads/2025/02/1.-Regulations.pdf,
CISCE,2027,Class 10,ICSE,Hospitality Management,ICSE Year 2027 Regulations & Syllabuses,Current curriculum subject/area,https://www.cisce.org/wp-content/uploads/2025/02/1.-Regulations.pdf,
CISCE,2027,Class 10,ICSE,Robotics and Artificial Intelligence,ICSE Year 2027 Regulations & Syllabuses,Current curriculum subject/area,https://www.cisce.org/wp-content/uploads/2025/02/1.-Regulations.pdf,
CISCE,2027,Class 10,ICSE,Assistant Beauty Therapist,ICSE Year 2027 Regulations & Syllabuses,Current curriculum subject/area,https://www.cisce.org/wp-content/uploads/2025/02/1.-Regulations.pdf,
CISCE,2027,Class 10,ICSE,Assistant Hair Stylist,ICSE Year 2027 Regulations & Syllabuses,Current curriculum subject/area,https://www.cisce.org/wp-content/uploads/2025/02/1.-Regulations.pdf,
CISCE,2027,Class 10,ICSE,Basic Data Entry Operator,ICSE Year 2027 Regulations & Syllabuses,Current curriculum subject/area,https://www.cisce.org/wp-content/uploads/2025/02/1.-Regulations.pdf,
CISCE,2027,Class 10,ICSE,Dietetic Aide,ICSE Year 2027 Regulations & Syllabuses,Current curriculum subject/area,https://www.cisce.org/wp-content/uploads/2025/02/1.-Regulations.pdf,
CISCE,2027,Class 10,ICSE,Cashier,ICSE Year 2027 Regulations & Syllabuses,Current curriculum subject/area,https://www.cisce.org/wp-content/uploads/2025/02/1.-Regulations.pdf,
CISCE,2027,Class 10,ICSE,Early Years Physical Activity Facilitator,ICSE Year 2027 Regulations & Syllabuses,Current curriculum subject/area,https://www.cisce.org/wp-content/uploads/2025/02/1.-Regulations.pdf,
CISCE,2027,Class 10,ICSE,Auto Service Technician,ICSE Year 2027 Regulations & Syllabuses,Current curriculum subject/area,https://www.cisce.org/wp-content/uploads/2025/02/1.-Regulations.pdf,
CISCE,2027,Class 11,ISC,English / Modern English,ISC Year 2027 Regulations & Syllabuses,Current curriculum subject/area,https://www.cisce.org/wp-content/uploads/2025/02/1.-ISC-Regulations.pdf,
CISCE,2027,Class 11,ISC,Indian Language,ISC Year 2027 Regulations & Syllabuses,Current curriculum subject/area,https://www.cisce.org/wp-content/uploads/2025/02/1.-ISC-Regulations.pdf,
CISCE,2027,Class 11,ISC,Modern Foreign Language,ISC Year 2027 Regulations & Syllabuses,Current curriculum subject/area,https://www.cisce.org/wp-content/uploads/2025/02/1.-ISC-Regulations.pdf,
CISCE,2027,Class 11,ISC,Classical Language,ISC Year 2027 Regulations & Syllabuses,Current curriculum subject/area,https://www.cisce.org/wp-content/uploads/2025/02/1.-ISC-Regulations.pdf,
CISCE,2027,Class 11,ISC,Elective English,ISC Year 2027 Regulations & Syllabuses,Current curriculum subject/area,https://www.cisce.org/wp-content/uploads/2025/02/1.-ISC-Regulations.pdf,
CISCE,2027,Class 11,ISC,History,ISC Year 2027 Regulations & Syllabuses,Current curriculum subject/area,https://www.cisce.org/wp-content/uploads/2025/02/1.-ISC-Regulations.pdf,
CISCE,2027,Class 11,ISC,Political Science,ISC Year 2027 Regulations & Syllabuses,Current curriculum subject/area,https://www.cisce.org/wp-content/uploads/2025/02/1.-ISC-Regulations.pdf,
CISCE,2027,Class 11,ISC,Geography,ISC Year 2027 Regulations & Syllabuses,Current curriculum subject/area,https://www.cisce.org/wp-content/uploads/2025/02/1.-ISC-Regulations.pdf,
CISCE,2027,Class 11,ISC,Sociology,ISC Year 2027 Regulations & Syllabuses,Current curriculum subject/area,https://www.cisce.org/wp-content/uploads/2025/02/1.-ISC-Regulations.pdf,
CISCE,2027,Class 11,ISC,Psychology,ISC Year 2027 Regulations & Syllabuses,Current curriculum subject/area,https://www.cisce.org/wp-content/uploads/2025/02/1.-ISC-Regulations.pdf,
CISCE,2027,Class 11,ISC,Economics,ISC Year 2027 Regulations & Syllabuses,Current curriculum subject/area,https://www.cisce.org/wp-content/uploads/2025/02/1.-ISC-Regulations.pdf,
CISCE,2027,Class 11,ISC,Commerce,ISC Year 2027 Regulations & Syllabuses,Current curriculum subject/area,https://www.cisce.org/wp-content/uploads/2025/02/1.-ISC-Regulations.pdf,
CISCE,2027,Class 11,ISC,Accountancy,ISC Year 2027 Regulations & Syllabuses,Current curriculum subject/area,https://www.cisce.org/wp-content/uploads/2025/02/1.-ISC-Regulations.pdf,
CISCE,2027,Class 11,ISC,Business Studies,ISC Year 2027 Regulations & Syllabuses,Current curriculum subject/area,https://www.cisce.org/wp-content/uploads/2025/02/1.-ISC-Regulations.pdf,
CISCE,2027,Class 11,ISC,Mathematics,ISC Year 2027 Regulations & Syllabuses,Current curriculum subject/area,https://www.cisce.org/wp-content/uploads/2025/02/1.-ISC-Regulations.pdf,
CISCE,2027,Class 11,ISC,Physics,ISC Year 2027 Regulations & Syllabuses,Current curriculum subject/area,https://www.cisce.org/wp-content/uploads/2025/02/1.-ISC-Regulations.pdf,
CISCE,2027,Class 11,ISC,Chemistry,ISC Year 2027 Regulations & Syllabuses,Current curriculum subject/area,https://www.cisce.org/wp-content/uploads/2025/02/1.-ISC-Regulations.pdf,
CISCE,2027,Class 11,ISC,Biology,ISC Year 2027 Regulations & Syllabuses,Current curriculum subject/area,https://www.cisce.org/wp-content/uploads/2025/02/1.-ISC-Regulations.pdf,
CISCE,2027,Class 11,ISC,Home Science,ISC Year 2027 Regulations & Syllabuses,Current curriculum subject/area,https://www.cisce.org/wp-content/uploads/2025/02/1.-ISC-Regulations.pdf,
CISCE,2027,Class 11,ISC,Fashion Designing,ISC Year 2027 Regulations & Syllabuses,Current curriculum subject/area,https://www.cisce.org/wp-content/uploads/2025/02/1.-ISC-Regulations.pdf,
CISCE,2027,Class 11,ISC,Electricity & Electronics,ISC Year 2027 Regulations & Syllabuses,Current curriculum subject/area,https://www.cisce.org/wp-content/uploads/2025/02/1.-ISC-Regulations.pdf,
CISCE,2027,Class 11,ISC,Engineering Science,ISC Year 2027 Regulations & Syllabuses,Current curriculum subject/area,https://www.cisce.org/wp-content/uploads/2025/02/1.-ISC-Regulations.pdf,
CISCE,2027,Class 11,ISC,Computer Science,ISC Year 2027 Regulations & Syllabuses,Current curriculum subject/area,https://www.cisce.org/wp-content/uploads/2025/02/1.-ISC-Regulations.pdf,
CISCE,2027,Class 11,ISC,Geometrical & Mechanical Drawing,ISC Year 2027 Regulations & Syllabuses,Current curriculum subject/area,https://www.cisce.org/wp-content/uploads/2025/02/1.-ISC-Regulations.pdf,
CISCE,2027,Class 11,ISC,Geometrical & Building Drawing,ISC Year 2027 Regulations & Syllabuses,Current curriculum subject/area,https://www.cisce.org/wp-content/uploads/2025/02/1.-ISC-Regulations.pdf,
CISCE,2027,Class 11,ISC,Art,ISC Year 2027 Regulations & Syllabuses,Current curriculum subject/area,https://www.cisce.org/wp-content/uploads/2025/02/1.-ISC-Regulations.pdf,
CISCE,2027,Class 11,ISC,Music (Hindustani/Carnatic/Western),ISC Year 2027 Regulations & Syllabuses,Current curriculum subject/area,https://www.cisce.org/wp-content/uploads/2025/02/1.-ISC-Regulations.pdf,
CISCE,2027,Class 11,ISC,Physical Education,ISC Year 2027 Regulations & Syllabuses,Current curriculum subject/area,https://www.cisce.org/wp-content/uploads/2025/02/1.-ISC-Regulations.pdf,
CISCE,2027,Class 12,ISC,English / Modern English,ISC Year 2027 Regulations & Syllabuses,Current curriculum subject/area,https://www.cisce.org/wp-content/uploads/2025/02/1.-ISC-Regulations.pdf,
CISCE,2027,Class 12,ISC,Indian Language,ISC Year 2027 Regulations & Syllabuses,Current curriculum subject/area,https://www.cisce.org/wp-content/uploads/2025/02/1.-ISC-Regulations.pdf,
CISCE,2027,Class 12,ISC,Modern Foreign Language,ISC Year 2027 Regulations & Syllabuses,Current curriculum subject/area,https://www.cisce.org/wp-content/uploads/2025/02/1.-ISC-Regulations.pdf,
CISCE,2027,Class 12,ISC,Classical Language,ISC Year 2027 Regulations & Syllabuses,Current curriculum subject/area,https://www.cisce.org/wp-content/uploads/2025/02/1.-ISC-Regulations.pdf,
CISCE,2027,Class 12,ISC,Elective English,ISC Year 2027 Regulations & Syllabuses,Current curriculum subject/area,https://www.cisce.org/wp-content/uploads/2025/02/1.-ISC-Regulations.pdf,
CISCE,2027,Class 12,ISC,History,ISC Year 2027 Regulations & Syllabuses,Current curriculum subject/area,https://www.cisce.org/wp-content/uploads/2025/02/1.-ISC-Regulations.pdf,
CISCE,2027,Class 12,ISC,Political Science,ISC Year 2027 Regulations & Syllabuses,Current curriculum subject/area,https://www.cisce.org/wp-content/uploads/2025/02/1.-ISC-Regulations.pdf,
CISCE,2027,Class 12,ISC,Geography,ISC Year 2027 Regulations & Syllabuses,Current curriculum subject/area,https://www.cisce.org/wp-content/uploads/2025/02/1.-ISC-Regulations.pdf,
CISCE,2027,Class 12,ISC,Sociology,ISC Year 2027 Regulations & Syllabuses,Current curriculum subject/area,https://www.cisce.org/wp-content/uploads/2025/02/1.-ISC-Regulations.pdf,
CISCE,2027,Class 12,ISC,Psychology,ISC Year 2027 Regulations & Syllabuses,Current curriculum subject/area,https://www.cisce.org/wp-content/uploads/2025/02/1.-ISC-Regulations.pdf,
CISCE,2027,Class 12,ISC,Economics,ISC Year 2027 Regulations & Syllabuses,Current curriculum subject/area,https://www.cisce.org/wp-content/uploads/2025/02/1.-ISC-Regulations.pdf,
CISCE,2027,Class 12,ISC,Commerce,ISC Year 2027 Regulations & Syllabuses,Current curriculum subject/area,https://www.cisce.org/wp-content/uploads/2025/02/1.-ISC-Regulations.pdf,
CISCE,2027,Class 12,ISC,Accountancy,ISC Year 2027 Regulations & Syllabuses,Current curriculum subject/area,https://www.cisce.org/wp-content/uploads/2025/02/1.-ISC-Regulations.pdf,
CISCE,2027,Class 12,ISC,Business Studies,ISC Year 2027 Regulations & Syllabuses,Current curriculum subject/area,https://www.cisce.org/wp-content/uploads/2025/02/1.-ISC-Regulations.pdf,
CISCE,2027,Class 12,ISC,Mathematics,ISC Year 2027 Regulations & Syllabuses,Current curriculum subject/area,https://www.cisce.org/wp-content/uploads/2025/02/1.-ISC-Regulations.pdf,
CISCE,2027,Class 12,ISC,Physics,ISC Year 2027 Regulations & Syllabuses,Current curriculum subject/area,https://www.cisce.org/wp-content/uploads/2025/02/1.-ISC-Regulations.pdf,
CISCE,2027,Class 12,ISC,Chemistry,ISC Year 2027 Regulations & Syllabuses,Current curriculum subject/area,https://www.cisce.org/wp-content/uploads/2025/02/1.-ISC-Regulations.pdf,
CISCE,2027,Class 12,ISC,Biology,ISC Year 2027 Regulations & Syllabuses,Current curriculum subject/area,https://www.cisce.org/wp-content/uploads/2025/02/1.-ISC-Regulations.pdf,
CISCE,2027,Class 12,ISC,Home Science,ISC Year 2027 Regulations & Syllabuses,Current curriculum subject/area,https://www.cisce.org/wp-content/uploads/2025/02/1.-ISC-Regulations.pdf,
CISCE,2027,Class 12,ISC,Fashion Designing,ISC Year 2027 Regulations & Syllabuses,Current curriculum subject/area,https://www.cisce.org/wp-content/uploads/2025/02/1.-ISC-Regulations.pdf,
CISCE,2027,Class 12,ISC,Electricity & Electronics,ISC Year 2027 Regulations & Syllabuses,Current curriculum subject/area,https://www.cisce.org/wp-content/uploads/2025/02/1.-ISC-Regulations.pdf,
CISCE,2027,Class 12,ISC,Engineering Science,ISC Year 2027 Regulations & Syllabuses,Current curriculum subject/area,https://www.cisce.org/wp-content/uploads/2025/02/1.-ISC-Regulations.pdf,
CISCE,2027,Class 12,ISC,Computer Science,ISC Year 2027 Regulations & Syllabuses,Current curriculum subject/area,https://www.cisce.org/wp-content/uploads/2025/02/1.-ISC-Regulations.pdf,
CISCE,2027,Class 12,ISC,Geometrical & Mechanical Drawing,ISC Year 2027 Regulations & Syllabuses,Current curriculum subject/area,https://www.cisce.org/wp-content/uploads/2025/02/1.-ISC-Regulations.pdf,
CISCE,2027,Class 12,ISC,Geometrical & Building Drawing,ISC Year 2027 Regulations & Syllabuses,Current curriculum subject/area,https://www.cisce.org/wp-content/uploads/2025/02/1.-ISC-Regulations.pdf,
CISCE,2027,Class 12,ISC,Art,ISC Year 2027 Regulations & Syllabuses,Current curriculum subject/area,https://www.cisce.org/wp-content/uploads/2025/02/1.-ISC-Regulations.pdf,
CISCE,2027,Class 12,ISC,Music (Hindustani/Carnatic/Western),ISC Year 2027 Regulations & Syllabuses,Current curriculum subject/area,https://www.cisce.org/wp-content/uploads/2025/02/1.-ISC-Regulations.pdf,
CISCE,2027,Class 12,ISC,Physical Education,ISC Year 2027 Regulations & Syllabuses,Current curriculum subject/area,https://www.cisce.org/wp-content/uploads/2025/02/1.-ISC-Regulations.pdf,
